Agent ID,0
Number of waypoints,2
Point-0,0,0.0586073,0.0442275,0.168256
Point-1,0.500242,0.0239499,0.0318487,0.165268
Agent ID,1
Number of waypoints,3
Point-0,0,0.0158404,-0.0578411,0.0846491
Point-1,0.314319,-0.00811126,-0.0503609,0.0846491
Point-2,0.890768,-0.00811126,-0.0503609,0.142294
Agent ID,2
Number of waypoints,2
Point-0,0,-0.000992019,-0.0310375,0.0701077
Point-1,0.498713,-0.0126988,-0.0297203,0.106955
Agent ID,3
Number of waypoints,2
Point-0,0,0.0521146,-0.0209269,0.110344
Point-1,0.735802,0.0174447,-0.00874935,0.0836112
Agent ID,4
Number of waypoints,2
Point-0,0,-0.0205019,0.0516529,0.062942
Point-1,1.08449,0.0111603,0.0516902,0.139692
Agent ID,5
Number of waypoints,2
Point-0,0,-0.0498664,-0.0235098,0.0671742
Point-1,0.406878,-0.0476595,0.00771567,0.0744296
