Agent ID,0
Number of waypoints,2
Point-0,0,0.00840835,-0.0443937,0.0693725
Point-1,0.998944,-0.0407895,-0.00345933,0.0791347
Agent ID,1
Number of waypoints,2
Point-0,0,0.0432352,-0.058356,0.178919
Point-1,1.22554,0.00774318,-0.00462318,0.14559
Agent ID,2
Number of waypoints,3
Point-0,0,-0.00209845,0.0489124,0.118744
Point-1,0.56228,-0.00209845,0.0489124,0.062516
Point-2,0.665387,0.00763014,0.0483303,0.062516
Agent ID,3
Number of waypoints,2
Point-0,0,-0.0598336,-0.0560054,0.0791048
Point-1,0.856473,-0.0557879,-0.03814,0.142841
Agent ID,4
Number of waypoints,2
Point-0,0,0.0449046,-0.0364829,0.0855335
Point-1,1.0388,0.0222117,0.0275415,0.102696
Agent ID,5
Number of waypoints,2
Point-0,0,-0.0593953,0.0512574,0.0840737
Point-1,0.54504,-0.0441991,0.0348674,0.0611559
