Agent ID,0
Number of waypoints,2
Point-0,0,0.0181234,-0.033558,0.166988
Point-1,0.798388,0.00957295,0.0278654,0.176853
Agent ID,1
Number of waypoints,3
Point-0,0,-0.000426587,0.00287941,0.144003
Point-1,0.30052,0.0237927,-0.00295326,0.144003
Point-2,0.47842,0.0237927,-0.00295326,0.126213
Agent ID,2
Number of waypoints,2
Point-0,0,0.0542028,-0.0331855,0.077249
Point-1,0.675369,0.00253683,-0.0276924,0.0668712
Agent ID,3
Number of waypoints,2
Point-0,0,-0.0401212,0.0558945,0.121456
Point-1,0.812118,-0.0526945,-0.011768,0.12048
Agent ID,4
Number of waypoints,2
Point-0,0,0.0203351,0.0537291,0.139422
Point-1,0.28264,0.0422993,0.0544849,0.133878
Agent ID,5
Number of waypoints,2
Point-0,0,-0.012886,0.0394255,0.140089
Point-1,0.873367,0.0373491,0.0367469,0.105666
