Agent ID,0
Number of waypoints,2
Point-0,0,0.0346115,0.0145403,0.178472
Point-1,0.732677,0.0184462,0.0381217,0.144951
Agent ID,1
Number of waypoints,2
Point-0,0,0.00347633,0.0577496,0.10232
Point-1,0.448409,-0.00947889,0.0458579,0.122314
Agent ID,2
Number of waypoints,2
Point-0,0,0.0538414,0.0172964,0.14123
Point-1,0.536999,0.04814,-0.0162431,0.126771
Agent ID,3
Number of waypoints,2
Point-0,0,-0.00227591,-0.0543567,0.0712852
Point-1,0.14089,0.000697412,-0.051038,0.0634882
Agent ID,4
Number of waypoints,2
Point-0,0,-0.0194319,-0.00468596,0.0950275
Point-1,1.59171,0.035749,-0.05319,0.150514
Agent ID,5
Number of waypoints,2
Point-0,0,-0.0225948,0.0126338,0.0693904
Point-1,0.864193,0.012113,-0.0183618,0.0901063
