Agent ID,0
Number of waypoints,2
Point-0,0,-0.0582681,0.0392125,0.144196
Point-1,1.25177,-0.0470697,-0.0408755,0.110305
Agent ID,1
Number of waypoints,2
Point-0,0,-0.0511454,-0.0526256,0.16325
Point-1,0.735006,-0.0169785,-0.0537233,0.125014
Agent ID,2
Number of waypoints,2
Point-0,0,0.0544915,0.0535245,0.16298
Point-1,0.419707,0.0146654,0.0555921,0.163057
Agent ID,3
Number of waypoints,3
Point-0,0,0.0174372,0.00945957,0.148929
Point-1,0.513347,0.0174372,-0.0418751,0.148929
Point-2,0.989933,0.0387478,-0.0418751,0.175277
Agent ID,4
Number of waypoints,2
Point-0,0,-0.00178812,0.00160982,0.100651
Point-1,0.481503,-0.017371,0.0256634,0.0921372
Agent ID,5
Number of waypoints,2
Point-0,0,-0.0163714,-0.0174577,0.127101
Point-1,0.507561,0.00789778,-0.0366946,0.119851
