Agent ID,0
Number of waypoints,2
Point-0,0,0.0505812,0.00993322,0.106487
Point-1,0.599707,0.0479891,-0.0326947,0.0917363
Agent ID,1
Number of waypoints,2
Point-0,0,-0.0433034,-0.0417943,0.140895
Point-1,1.05647,-0.0463584,-0.018346,0.0617511
Agent ID,2
Number of waypoints,2
Point-0,0,0.0152621,-0.0444511,0.163384
Point-1,0.974244,-0.0364151,-0.00292186,0.167602
Agent ID,3
Number of waypoints,2
Point-0,0,0.0484226,0.0417333,0.128991
Point-1,0.441713,0.0427499,0.0450049,0.164218
Agent ID,4
Number of waypoints,2
Point-0,0,0.0108901,0.0273895,0.0937427
Point-1,0.632258,0.00703945,0.0334734,0.147034
Agent ID,5
Number of waypoints,4
Point-0,0,-0.0558361,0.00464205,0.126614
Point-1,0.560748,-0.0558361,0.00464205,0.0705392
Point-2,0.597333,-0.0594946,0.00464205,0.0705392
Point-3,0.966331,-0.0594946,0.0415419,0.0705392
