Agent ID,0
Number of waypoints,2
Point-0,0,-0.0268321,0.0242019,0.111698
Point-1,1.05053,0.021352,0.0191205,0.163486
Agent ID,1
Number of waypoints,2
Point-0,0,-0.015418,-0.0191424,0.146306
Point-1,0.734791,0.0356422,-0.0159515,0.127078
Agent ID,2
Number of waypoints,2
Point-0,0,0.0565538,0.0462417,0.120143
Point-1,0.5577,0.0553665,0.00276702,0.109035
Agent ID,3
Number of waypoints,2
Point-0,0,-0.0190582,-0.0351058,0.0646091
Point-1,0.94259,-0.0525376,-0.002705,0.0929879
Agent ID,4
Number of waypoints,2
Point-0,0,-0.0266136,0.048852,0.157435
Point-1,0.300711,-0.0102564,0.0382211,0.154352
Agent ID,5
Number of waypoints,2
Point-0,0,-0.046723,-0.0216734,0.0619042
Point-1,0.604611,-0.0569958,0.0267932,0.0601825
