Agent ID,0
Number of waypoints,2
Point-0,0,0.0103546,-8.36365e-05,0.164284
Point-1,0.255924,0.0237097,-0.0114579,0.165147
Agent ID,1
Number of waypoints,2
Point-0,0,-0.0359395,0.0416761,0.126807
Point-1,0.526585,-0.0505706,0.0395727,0.162731
Agent ID,2
Number of waypoints,2
Point-0,0,0.0503821,-0.0208676,0.131513
Point-1,0.886978,-0.0215914,-0.0361909,0.132914
Agent ID,3
Number of waypoints,2
Point-0,0,0.0563317,0.0245086,0.124751
Point-1,0.5523,0.0592298,0.0279269,0.0758374
Agent ID,4
Number of waypoints,2
Point-0,0,0.0377534,-0.056609,0.0933841
Point-1,1.01116,0.0472769,0.00230517,0.0607059
Agent ID,5
Number of waypoints,2
Point-0,0,-0.0342167,0.059317,0.0854376
Point-1,1.03374,-0.0568675,0.0254098,0.132254
