Agent ID,0
Number of waypoints,2
Point-0,0,-0.0246023,0.0311836,0.170721
Point-1,0.350418,-0.0352622,0.0148927,0.178812
Agent ID,1
Number of waypoints,2
Point-0,0,0.0378799,0.0394201,0.0857402
Point-1,0.596445,-0.00189052,0.0540672,0.0909672
Agent ID,2
Number of waypoints,2
Point-0,0,-0.0130167,-0.0574174,0.160052
Point-1,0.950198,-0.0500367,-0.0387516,0.120718
Agent ID,3
Number of waypoints,2
Point-0,0,-0.0455487,0.00554042,0.079489
Point-1,1.10586,-0.0135807,0.00336165,0.155928
Agent ID,4
Number of waypoints,3
Point-0,0,0.00902729,0.032905,0.136921
Point-1,0.908807,0.00902729,-0.0579757,0.136921
Point-2,1.16334,0.00596523,-0.0579757,0.159312
Agent ID,5
Number of waypoints,2
Point-0,0,-0.00846916,-0.0192796,0.0685353
Point-1,0.805449,-0.0300923,-0.0136645,0.121842
