Agent ID,0
Number of waypoints,2
Point-0,0,0.012872,-0.0253592,0.131742
Point-1,0.861571,0.0246556,-0.00836344,0.0743643
Agent ID,1
Number of waypoints,2
Point-0,0,-0.0456354,-0.0179003,0.0944812
Point-1,0.954816,-0.00223632,0.0146168,0.0749158
Agent ID,2
Number of waypoints,3
Point-0,0,-0.0167717,0.0288067,0.155652
Point-1,0.836566,0.00165848,0.0288067,0.0904256
Point-2,0.959171,0.00165848,0.0410672,0.0904256
Agent ID,3
Number of waypoints,2
Point-0,0,0.0109051,0.00395738,0.155861
Point-1,0.882389,0.0449736,-0.021713,0.127361
Agent ID,4
Number of waypoints,2
Point-0,0,-0.0366714,0.0589685,0.154938
Point-1,0.807527,-0.0336656,0.0596731,0.0778957
Agent ID,5
Number of waypoints,2
Point-0,0,-0.0544657,-0.0589205,0.154917
Point-1,0.907174,-0.0130593,-0.0466115,0.117915
