Agent ID,0
Number of waypoints,3
Point-0,0,-0.0490881,0.00586941,0.164777
Point-1,0.749288,0.0131857,0.00586941,0.177432
Point-2,0.855944,0.0131857,0.016535,0.177432
Agent ID,1
Number of waypoints,3
Point-0,0,-0.00750275,-0.0464344,0.148779
Point-1,0.241848,-0.002361,-0.0464344,0.129736
Point-2,0.320545,-0.002361,-0.0385647,0.129736
Agent ID,2
Number of waypoints,2
Point-0,0,-0.0560499,0.0484074,0.0875805
Point-1,0.970388,-0.0303788,0.0153392,0.12588
Agent ID,3
Number of waypoints,2
Point-0,0,0.0261551,-0.0387125,0.141891
Point-1,0.468785,0.0577853,-0.0488138,0.136744
Agent ID,4
Number of waypoints,2
Point-0,0,-0.0422328,0.0231197,0.0682268
Point-1,1.25067,0.0476172,0.048365,0.0781984
Agent ID,5
Number of waypoints,2
Point-0,0,-0.0291203,-0.0104178,0.0706249
Point-1,0.507456,-0.0287262,-0.0390036,0.0923906
