Agent ID,0
Number of waypoints,2
Point-0,0,0.0146292,-0.0403335,0.138872
Point-1,1.24328,-0.0258632,-0.0344324,0.0609378
Agent ID,1
Number of waypoints,3
Point-0,0,-0.0575168,-0.0330805,0.158108
Point-1,0.54249,-0.0575168,-0.0330805,0.103859
Point-2,0.74732,-0.0427846,-0.0388313,0.103859
Agent ID,2
Number of waypoints,2
Point-0,0,0.00987225,-0.0182041,0.167813
Point-1,0.898894,-0.00267152,0.0135065,0.122178
Agent ID,3
Number of waypoints,2
Point-0,0,-0.0333206,0.0594935,0.16158
Point-1,0.82867,-0.0436915,0.0111624,0.137415
Agent ID,4
Number of waypoints,2
Point-0,0,0.0586174,0.00251221,0.147387
Point-1,1.59351,0.0365706,-0.0512999,0.0638952
Agent ID,5
Number of waypoints,2
Point-0,0,0.0459976,0.0316602,0.130559
Point-1,0.987376,0.0245684,0.00777929,0.0771315
