Agent ID,0
Number of waypoints,2
Point-0,0,0.0483223,-0.0211262,0.133565
Point-1,0.53855,0.0368731,-0.054119,0.124152
Agent ID,1
Number of waypoints,2
Point-0,0,-0.00443674,-0.032707,0.0622138
Point-1,1.04291,-0.013118,0.0306746,0.0944419
Agent ID,2
Number of waypoints,3
Point-0,0,-0.0489249,0.0125315,0.0788104
Point-1,0.51025,-0.0324455,0.0125315,0.113356
Point-2,0.97157,-0.0324455,0.0586635,0.113356
Agent ID,3
Number of waypoints,2
Point-0,0,-0.0596953,-0.0422889,0.106291
Point-1,0.301728,-0.0567157,-0.0442321,0.081041
Agent ID,4
Number of waypoints,2
Point-0,0,0.0599669,0.00834469,0.174032
Point-1,0.567129,0.0281712,0.0257819,0.166552
Agent ID,5
Number of waypoints,2
Point-0,0,0.00363234,-0.0567128,0.16225
Point-1,0.373931,0.00463834,-0.0383167,0.144259
