Agent ID,0
Number of waypoints,2
Point-0,0,-0.0514695,-0.0325772,0.079291
Point-1,1.08616,-0.039463,0.0275018,0.115821
Agent ID,1
Number of waypoints,2
Point-0,0,-0.0316172,0.0152529,0.0943497
Point-1,1.84192,-0.00287769,-0.0556081,0.178941
Agent ID,2
Number of waypoints,2
Point-0,0,0.00458186,-0.0194117,0.141594
Point-1,1.44689,-0.0107184,0.0483553,0.0799718
Agent ID,3
Number of waypoints,2
Point-0,0,-0.0578789,0.024674,0.117199
Point-1,1.36553,0.0156373,-0.0101617,0.1454
Agent ID,4
Number of waypoints,2
Point-0,0,0.0446068,-0.0257689,0.134133
Point-1,1.86811,-0.0284359,0.0593253,0.162807
Agent ID,5
Number of waypoints,2
Point-0,0,-0.0355781,0.053725,0.0644844
Point-1,1.25213,-0.0435264,-0.0523921,0.0756316
