Agent ID,0
Number of waypoints,2
Point-0,0,0.0118983,-0.055907,0.137644
Point-1,0.681949,0.0271979,-0.0335097,0.107146
Agent ID,1
Number of waypoints,2
Point-0,0,0.028927,0.0516737,0.112112
Point-1,1.00183,-0.0406546,0.0576439,0.0874812
Agent ID,2
Number of waypoints,2
Point-0,0,0.0264819,-0.0386703,0.179475
Point-1,0.998119,0.0264481,0.0539068,0.172274
Agent ID,3
Number of waypoints,3
Point-0,0,0.0297962,0.00930038,0.0631724
Point-1,0.840385,-0.0390227,0.02452,0.0631724
Point-2,1.13627,-0.0390227,0.02452,0.0927604
Agent ID,4
Number of waypoints,2
Point-0,0,-0.0549271,0.0526571,0.161094
Point-1,0.491886,-0.026055,0.0425786,0.150856
Agent ID,5
Number of waypoints,3
Point-0,0,-0.0446205,-0.00901205,0.108619
Point-1,0.539244,-0.0446205,-0.0359089,0.0815915
Point-2,0.631559,-0.0538521,-0.0359089,0.0815915
