Agent ID,0
Number of waypoints,2
Point-0,0,0.0431873,0.0301944,0.0783263
Point-1,0.231929,0.0363442,0.0322112,0.0639933
Agent ID,1
Number of waypoints,2
Point-0,0,0.0225713,-0.0525915,0.0948041
Point-1,1.16517,-0.0337968,-0.0460663,0.148428
Agent ID,2
Number of waypoints,3
Point-0,0,-0.0263964,0.0374792,0.120135
Point-1,0.66363,-0.00997578,0.0371963,0.160956
Point-2,1.06387,0.019159,0.0413147,0.154185
Agent ID,3
Number of waypoints,2
Point-0,0,0.013237,-0.0298939,0.0763809
Point-1,0.28721,0.0218016,-0.013693,0.0724254
Agent ID,4
Number of waypoints,2
Point-0,0,0.0589637,-0.0449457,0.151731
Point-1,0.632981,0.0369225,-0.0279488,0.175991
Agent ID,5
Number of waypoints,3
Point-0,0,-0.0127981,0.0529768,0.0815292
Point-1,0.07704,-0.0127981,0.0452728,0.0815292
Point-2,0.66363,0.00402515,0.0452728,0.123365
