Agent ID,0
Number of waypoints,2
Point-0,0,0.0321847,-0.0117303,0.101845
Point-1,1.3748,0.0533742,-0.056344,0.173522
Agent ID,1
Number of waypoints,2
Point-0,0,0.0591322,-0.00646359,0.134555
Point-1,0.945678,0.0288352,0.0136802,0.178682
Agent ID,2
Number of waypoints,3
Point-0,0,0.000707753,0.0518449,0.102464
Point-1,0.120616,0.000707753,0.0518449,0.0904024
Point-2,1.16652,-0.0242618,-0.027776,0.0904024
Agent ID,3
Number of waypoints,2
Point-0,0,0.00772378,-0.0391856,0.0766547
Point-1,1.91771,-0.0269502,0.0183958,0.17617
Agent ID,4
Number of waypoints,2
Point-0,0,-0.0372297,-0.00988396,0.0964097
Point-1,0.873118,0.0219602,-0.000123348,0.114771
Agent ID,5
Number of waypoints,2
Point-0,0,-0.0493607,-0.0568089,0.0848622
Point-1,1.32856,0.00157711,-0.0453444,0.155316
