Agent ID,0
Number of waypoints,2
Point-0,0,0.00602066,0.0535495,0.0690598
Point-1,2.11367,0.0493145,-0.0580707,0.125513
Agent ID,1
Number of waypoints,2
Point-0,0,0.0393256,-0.0465109,0.0686459
Point-1,1.93723,-0.027694,0.0313754,0.117463
Agent ID,2
Number of waypoints,2
Point-0,0,-0.00718443,-0.043134,0.0692897
Point-1,0.963004,-0.0130141,0.0382147,0.0784117
Agent ID,3
Number of waypoints,2
Point-0,0,-0.0334033,-0.0379161,0.123938
Point-1,0.622597,-0.0228547,-0.0378111,0.0723319
Agent ID,4
Number of waypoints,2
Point-0,0,0.0544486,-0.0284233,0.140012
Point-1,0.773976,0.0271047,0.0163644,0.134746
Agent ID,5
Number of waypoints,2
Point-0,0,-0.00427677,0.0219856,0.167736
Point-1,0.393891,-0.0313259,0.0162926,0.161089
