Agent ID,0
Number of waypoints,2
Point-0,0,-0.0513406,0.0170109,0.175043
Point-1,0.599965,-0.0464321,-0.000269126,0.137235
Agent ID,1
Number of waypoints,2
Point-0,0,0.0350163,0.035251,0.127393
Point-1,0.394234,0.0302011,0.0441722,0.101706
Agent ID,2
Number of waypoints,2
Point-0,0,0.00155466,-0.00112631,0.0901441
Point-1,0.620731,-0.0292607,-0.0162962,0.106232
Agent ID,3
Number of waypoints,2
Point-0,0,-0.0302203,0.02473,0.0724951
Point-1,0.383962,-0.0467249,0.0246584,0.0943151
Agent ID,4
Number of waypoints,2
Point-0,0,-0.0141865,-0.0575273,0.14359
Point-1,0.524671,-0.0069795,-0.0181682,0.149491
Agent ID,5
Number of waypoints,2
Point-0,0,0.0467988,-0.0579887,0.0962653
Point-1,0.759911,-0.0167476,-0.0550431,0.0867662
