Agent ID,0
Number of waypoints,2
Point-0,0,0.0171442,-0.0478443,0.0967415
Point-1,0.716871,0.0294905,-0.022417,0.130655
Agent ID,1
Number of waypoints,3
Point-0,0,0.0428971,0.0324108,0.101702
Point-1,0.23707,0.0431237,0.0143764,0.107148
Point-2,0.23707,0.0431237,0.0143764,0.107148
Agent ID,2
Number of waypoints,2
Point-0,0,-0.034704,-0.0313967,0.103755
Point-1,0.382527,-0.0591463,-0.0183443,0.104513
Agent ID,3
Number of waypoints,2
Point-0,0,-0.0339894,0.0316893,0.107754
Point-1,1.04793,-0.0161449,0.0526179,0.173774
Agent ID,4
Number of waypoints,3
Point-0,0,-0.00386336,0.0487596,0.069874
Point-1,0.259966,-0.00386336,0.022763,0.069874
Point-2,1.10095,0.0186928,0.022763,0.131416
Agent ID,5
Number of waypoints,2
Point-0,0,0.00399305,-0.0571919,0.174806
Point-1,0.280232,4.99673e-05,-0.0541378,0.15378
