Agent ID,0
Number of waypoints,2
Point-0,0,-0.0326443,0.0484576,0.0879712
Point-1,0.952273,-0.0577638,-0.000866309,0.0671873
Agent ID,1
Number of waypoints,2
Point-0,0,0.0374682,-0.00325736,0.0965774
Point-1,0.685858,-0.0173237,-0.00803969,0.105589
Agent ID,2
Number of waypoints,2
Point-0,0,0.033855,0.0262405,0.174769
Point-1,0.773733,0.00213274,0.0564035,0.159281
Agent ID,3
Number of waypoints,2
Point-0,0,0.0108301,0.0268219,0.155531
Point-1,0.599665,-0.0245844,0.0178209,0.171082
Agent ID,4
Number of waypoints,3
Point-0,0,-0.014258,-0.00128479,0.174635
Point-1,0.385368,-0.014258,-0.0398216,0.174635
Point-2,0.547426,-0.0214548,-0.0398216,0.165626
Agent ID,5
Number of waypoints,3
Point-0,0,-0.057177,-0.0102689,0.0796393
Point-1,0.052361,-0.057177,-0.0102689,0.0744032
Point-2,0.47145,-0.0514892,-0.04649,0.0744032
