Agent ID,0
Number of waypoints,2
Point-0,0,0.0576826,0.0516746,0.170476
Point-1,0.652691,0.0599366,0.0381715,0.120964
Agent ID,1
Number of waypoints,2
Point-0,0,0.0277202,-0.0209191,0.161429
Point-1,0.677045,-0.0144538,-0.00303563,0.153782
Agent ID,2
Number of waypoints,2
Point-0,0,0.0278259,0.0345072,0.100164
Point-1,0.427878,0.0187421,0.0363842,0.131991
Agent ID,3
Number of waypoints,2
Point-0,0,-0.0592388,0.00782673,0.100922
Point-1,1.08506,-0.0161172,-0.0327079,0.125772
Agent ID,4
Number of waypoints,2
Point-0,0,0.0173459,-0.0486473,0.101776
Point-1,0.883765,0.0536171,-0.0349523,0.0633657
Agent ID,5
Number of waypoints,2
Point-0,0,-0.0197901,0.0445643,0.146244
Point-1,0.445259,-0.0155537,0.0212348,0.129284
