Agent ID,0
Number of waypoints,2
Point-0,0,0.0365806,0.0321632,0.116084
Point-1,0.716717,0.0137576,0.0148465,0.147616
Agent ID,1
Number of waypoints,2
Point-0,0,-0.00819403,-0.0411704,0.0635496
Point-1,1.37226,-0.0227202,-0.00357451,0.148654
Agent ID,2
Number of waypoints,2
Point-0,0,0.00281336,0.0410152,0.107917
Point-1,0.946926,-0.0451346,0.0509454,0.0711026
Agent ID,3
Number of waypoints,2
Point-0,0,-0.036122,0.0212334,0.161658
Point-1,1.05869,0.038573,0.0339168,0.143167
Agent ID,4
Number of waypoints,2
Point-0,0,-0.0140397,-0.000177786,0.123564
Point-1,1.05789,-0.0351977,-0.0289804,0.0677356
Agent ID,5
Number of waypoints,2
Point-0,0,-0.000214126,-0.0250763,0.143923
Point-1,0.654074,-0.0374613,-0.0472595,0.137946
