Agent ID,0
Number of waypoints,2
Point-0,0,0.0232793,-0.013321,0.153593
Point-1,0.420962,0.00698569,-0.0229626,0.169754
Agent ID,1
Number of waypoints,2
Point-0,0,-0.0206927,-0.0159387,0.0903597
Point-1,0.248538,-0.020421,-0.0214369,0.0712758
Agent ID,2
Number of waypoints,2
Point-0,0,0.0538781,-0.01029,0.133415
Point-1,0.606139,0.0486978,-0.00521928,0.0830521
Agent ID,3
Number of waypoints,2
Point-0,0,0.0376432,0.0212151,0.11137
Point-1,1.01566,0.0263101,0.0568843,0.165934
Agent ID,4
Number of waypoints,2
Point-0,0,-0.00124877,0.0131597,0.130572
Point-1,0.54193,-0.00558201,0.00493393,0.172206
Agent ID,5
Number of waypoints,2
Point-0,0,0.0556839,-0.0518835,0.167748
Point-1,0.220914,0.048451,-0.043451,0.174174
