Agent ID,0
Number of waypoints,2
Point-0,0,0.0132429,0.0348415,0.0787997
Point-1,1.43611,-0.0581392,0.00100553,0.117193
Agent ID,1
Number of waypoints,2
Point-0,0,-0.0576903,-0.0447955,0.0634537
Point-1,1.76711,0.0159754,0.00899148,0.112712
Agent ID,2
Number of waypoints,2
Point-0,0,-0.0254451,0.0146455,0.094908
Point-1,0.563515,-0.0410119,0.0469302,0.103408
Agent ID,3
Number of waypoints,2
Point-0,0,-0.0387597,-0.0371404,0.167081
Point-1,2.04884,0.00289766,0.0472304,0.088225
Agent ID,4
Number of waypoints,3
Point-0,0,0.0285563,0.0103939,0.110964
Point-1,0.455183,0.0285563,0.0103939,0.0654457
Point-2,1.5556,-0.0276371,-0.043454,0.0654457
Agent ID,5
Number of waypoints,2
Point-0,0,0.0049809,-0.0240795,0.14315
Point-1,0.314414,0.0305055,-0.0243803,0.137534
