Agent ID,0
Number of waypoints,2
Point-0,0,0.0148991,-0.0206891,0.106728
Point-1,1.17305,-0.0433645,-0.0444511,0.071449
Agent ID,1
Number of waypoints,3
Point-0,0,0.0128918,0.013856,0.13054
Point-1,0.160455,0.00766337,0.0113919,0.138893
Point-2,0.160455,0.00766337,0.0113919,0.138893
Agent ID,2
Number of waypoints,2
Point-0,0,-0.0197034,-0.0387909,0.121535
Point-1,0.779541,-0.0594932,-0.0162376,0.105924
Agent ID,3
Number of waypoints,3
Point-0,0,0.0368834,-0.0217469,0.162037
Point-1,0.47584,0.0368834,-0.0217469,0.114453
Point-2,0.940543,0.0188705,-0.0502043,0.114453
Agent ID,4
Number of waypoints,2
Point-0,0,-0.0335891,0.00772491,0.159205
Point-1,0.854531,-0.0377414,0.0503817,0.120561
Agent ID,5
Number of waypoints,2
Point-0,0,-0.0302808,0.0230071,0.0813493
Point-1,0.597784,-0.00289576,0.0496034,0.0871464
