Agent ID,0
Number of waypoints,2
Point-0,0,0.0279792,-0.0347788,0.078572
Point-1,1.07828,0.0493308,-0.0265918,0.156861
Agent ID,1
Number of waypoints,2
Point-0,0,-0.0518255,-0.0528553,0.0850284
Point-1,1.25299,0.0567529,-0.0468505,0.095744
Agent ID,2
Number of waypoints,2
Point-0,0,-0.033259,0.0522008,0.0849255
Point-1,0.864457,0.0299711,0.0424074,0.0715033
Agent ID,3
Number of waypoints,2
Point-0,0,0.00899425,-0.0129025,0.0686924
Point-1,0.889299,-0.00600839,-0.0281992,0.127323
Agent ID,4
Number of waypoints,2
Point-0,0,-0.0469741,-0.0081788,0.0850783
Point-1,1.98931,0.0244294,0.0261865,0.17824
Agent ID,5
Number of waypoints,3
Point-0,0,0.0436218,0.0461374,0.133836
Point-1,0.06262,0.0436218,0.0461374,0.127574
Point-2,1.28669,0.0173538,-0.0500015,0.127574
