Agent ID,0
Number of waypoints,2
Point-0,0,-0.004773,-0.023687,0.139311
Point-1,0.723633,0.0369055,-0.0268768,0.166806
Agent ID,1
Number of waypoints,2
Point-0,0,0.056996,-0.0180546,0.0738762
Point-1,0.238142,0.0452293,-0.00912571,0.0707576
Agent ID,2
Number of waypoints,2
Point-0,0,-0.0558043,-0.0367604,0.100581
Point-1,0.461555,-0.0181858,-0.0440134,0.099297
Agent ID,3
Number of waypoints,2
Point-0,0,-0.0233521,0.0540903,0.17628
Point-1,1.11037,0.05619,0.0430302,0.155845
Agent ID,4
Number of waypoints,2
Point-0,0,0.0478033,0.0130768,0.100994
Point-1,0.656667,0.0294006,0.0290638,0.132271
Agent ID,5
Number of waypoints,2
Point-0,0,0.0564316,-0.054165,0.0751477
Point-1,1.49106,-0.0249754,0.00863745,0.0702514
