Agent ID,0
Number of waypoints,3
Point-0,0,0.0535409,0.042776,0.158453
Point-1,0.188132,0.0535409,0.0239628,0.158453
Point-2,0.954914,0.0138697,0.0239628,0.121446
Agent ID,1
Number of waypoints,2
Point-0,0,-0.0363406,0.0245065,0.0623962
Point-1,0.266929,-0.05077,0.0354756,0.0636906
Agent ID,2
Number of waypoints,2
Point-0,0,0.0399181,-0.0535585,0.132247
Point-1,0.948289,-0.0391916,-0.0592467,0.142278
Agent ID,3
Number of waypoints,2
Point-0,0,0.0355733,-0.00683432,0.126478
Point-1,0.660084,0.0523187,-0.0220375,0.0924182
Agent ID,4
Number of waypoints,2
Point-0,0,0.0159654,0.000944287,0.155409
Point-1,1.11399,-0.0520621,-0.0290778,0.168758
Agent ID,5
Number of waypoints,2
Point-0,0,0.0285056,0.0254287,0.0679815
Point-1,1.29804,-0.0579788,0.0192381,0.10511
