Agent ID,0
Number of waypoints,2
Point-0,0,-0.012023,-0.0385902,0.172976
Point-1,0.861609,-0.0530591,-0.00475337,0.161688
Agent ID,1
Number of waypoints,3
Point-0,0,0.0139018,-0.0313532,0.0787751
Point-1,0.897022,-0.054658,-0.0524956,0.0787751
Point-2,1.01785,-0.054658,-0.0524956,0.0908575
Agent ID,2
Number of waypoints,2
Point-0,0,0.0502613,0.0118069,0.121652
Point-1,0.755502,-0.00575832,-0.00723664,0.121165
Agent ID,3
Number of waypoints,2
Point-0,0,0.0290775,-0.0403689,0.153058
Point-1,0.446202,0.0458341,-0.0226603,0.142903
Agent ID,4
Number of waypoints,2
Point-0,0,0.000923045,-0.00849608,0.101394
Point-1,0.784706,-0.030925,0.00506533,0.0683329
Agent ID,5
Number of waypoints,2
Point-0,0,-0.0339905,-3.2559e-06,0.130244
Point-1,0.88211,-0.0341052,0.057924,0.160413
