Agent ID,0
Number of waypoints,2
Point-0,0,-0.0126996,0.0503597,0.179506
Point-1,0.818772,-0.0413995,0.0382174,0.138471
Agent ID,1
Number of waypoints,3
Point-0,0,-0.047621,-0.0212784,0.0740172
Point-1,0.502631,-0.021829,-0.0212784,0.0984883
Point-2,1.30473,-0.021829,0.0589311,0.0984883
Agent ID,2
Number of waypoints,2
Point-0,0,0.0281122,0.0200328,0.101854
Point-1,0.969165,0.059241,-0.012767,0.0688661
Agent ID,3
Number of waypoints,2
Point-0,0,-0.000330284,0.0041856,0.155454
Point-1,0.604701,0.0120131,-0.0298741,0.169521
Agent ID,4
Number of waypoints,2
Point-0,0,0.0401231,0.0421268,0.171529
Point-1,1.07979,0.0104576,0.00482744,0.130515
Agent ID,5
Number of waypoints,2
Point-0,0,-0.00693358,-0.0149082,0.124676
Point-1,0.912876,-0.0370413,-0.0511011,0.149663
