Agent ID,0
Number of waypoints,2
Point-0,0,0.0163329,-0.0597124,0.123919
Point-1,1.8985,-0.0431396,0.0410544,0.0943083
Agent ID,1
Number of waypoints,2
Point-0,0,0.0423323,-0.0200933,0.155968
Point-1,0.558576,0.0499339,-0.0282453,0.115864
Agent ID,2
Number of waypoints,2
Point-0,0,0.0584754,0.0522959,0.119151
Point-1,0.686821,0.0541179,0.00872045,0.0984019
Agent ID,3
Number of waypoints,3
Point-0,0,-0.0474717,0.0498914,0.161569
Point-1,1.58083,-0.0291387,-0.0448437,0.116554
Point-2,1.93679,0.00645708,-0.0448437,0.116554
Agent ID,4
Number of waypoints,2
Point-0,0,-0.0566896,0.0266904,0.0696168
Point-1,1.63045,0.0318549,0.00484482,0.122272
Agent ID,5
Number of waypoints,2
Point-0,0,0.0315558,-0.0525055,0.0621497
Point-1,1.54394,-0.0573027,-0.0315619,0.106742
