Agent ID,0
Number of waypoints,3
Point-0,0,-0.000352398,-0.0567434,0.143127
Point-1,0.184247,0.000705265,-0.0567434,0.12576
Point-2,0.208873,0.000705265,-0.0542808,0.12576
Agent ID,1
Number of waypoints,2
Point-0,0,0.00928876,-0.0265235,0.136714
Point-1,0.511217,-0.0107295,-0.00576308,0.147057
Agent ID,2
Number of waypoints,2
Point-0,0,-0.0179331,0.0323039,0.0956332
Point-1,0.726912,-0.0119744,0.0396406,0.155029
Agent ID,3
Number of waypoints,2
Point-0,0,0.0302211,0.0459644,0.118378
Point-1,0.52515,0.0407888,0.0443381,0.158699
Agent ID,4
Number of waypoints,2
Point-0,0,-0.0349742,-0.0482657,0.149662
Point-1,0.428549,-0.0396634,-0.020481,0.139281
Agent ID,5
Number of waypoints,2
Point-0,0,0.0307638,-0.0101216,0.112801
Point-1,0.300343,0.037712,-0.00760983,0.0922267
