Agent ID,0
Number of waypoints,2
Point-0,0,-0.0488578,-0.0474968,0.109764
Point-1,1.11691,-0.0227742,-0.0251238,0.172998
Agent ID,1
Number of waypoints,2
Point-0,0,0.0553962,-0.0537037,0.15357
Point-1,1.14365,0.0534076,-0.0337906,0.0611069
Agent ID,2
Number of waypoints,2
Point-0,0,0.0053726,0.0356876,0.178049
Point-1,1.02954,0.0200407,0.0591791,0.113255
Agent ID,3
Number of waypoints,3
Point-0,0,-0.0228611,0.0218591,0.139192
Point-1,0.731481,-0.0228611,0.0218591,0.0660439
Point-2,1.08173,0.00751211,0.0265106,0.0660439
Agent ID,4
Number of waypoints,2
Point-0,0,-0.0581735,0.00400965,0.0808133
Point-1,0.190869,-0.0565285,0.00143937,0.0659417
Agent ID,5
Number of waypoints,2
Point-0,0,0.0349137,0.00782799,0.173257
Point-1,0.497127,0.0052206,-0.00460761,0.165673
