Agent ID,0
Number of waypoints,2
Point-0,0,-0.00653583,-0.0328505,0.0729278
Point-1,0.497006,0.0317871,-0.0438894,0.0732666
Agent ID,1
Number of waypoints,2
Point-0,0,0.0321085,-0.0338013,0.175573
Point-1,0.755709,0.0521016,0.0199045,0.177445
Agent ID,2
Number of waypoints,2
Point-0,0,-0.0493535,0.0288698,0.0971961
Point-1,0.982692,-0.0141809,0.0550624,0.0602921
Agent ID,3
Number of waypoints,3
Point-0,0,-0.00995766,0.0104146,0.165513
Point-1,0.0364182,-0.00995766,0.00677278,0.165513
Point-2,0.34653,-0.0301858,0.00677278,0.176296
Agent ID,4
Number of waypoints,2
Point-0,0,-0.0171037,-0.0218789,0.173372
Point-1,0.162858,-0.015547,-0.033217,0.169981
Agent ID,5
Number of waypoints,2
Point-0,0,0.0244006,-0.0564022,0.155036
Point-1,1.40032,0.0314679,0.030541,0.109014
