Agent ID,0
Number of waypoints,2
Point-0,0,-0.00296318,-0.0392857,0.165205
Point-1,0.292433,-0.0136252,-0.0349654,0.179466
Agent ID,1
Number of waypoints,2
Point-0,0,0.0196391,-0.0163001,0.174529
Point-1,0.553105,0.00964605,0.0126934,0.158205
Agent ID,2
Number of waypoints,3
Point-0,0,0.00182234,0.0114095,0.144727
Point-1,0.0144212,0.00182234,0.00996738,0.144727
Point-2,0.314139,-0.0205954,0.00996738,0.152281
Agent ID,3
Number of waypoints,2
Point-0,0,-0.0391081,-0.0192072,0.113391
Point-1,0.68594,-0.058423,-0.0117721,0.155235
Agent ID,4
Number of waypoints,2
Point-0,0,0.0308868,0.035604,0.146143
Point-1,0.396522,0.0421195,0.0132475,0.14008
Agent ID,5
Number of waypoints,2
Point-0,0,0.0290801,-0.0534084,0.117479
Point-1,0.873004,0.0561132,-0.0464921,0.17083
