Agent ID,0
Number of waypoints,3
Point-0,0,-0.0285495,0.0204302,0.141237
Point-1,0.742136,-0.00788922,0.0178521,0.0902617
Point-2,1.64014,0.0370104,-0.0176408,0.0808534
Agent ID,1
Number of waypoints,2
Point-0,0,0.00236257,-0.0169494,0.115725
Point-1,0.593974,-0.0453373,-0.0243729,0.119999
Agent ID,2
Number of waypoints,2
Point-0,0,-0.0515447,-0.0302162,0.149023
Point-1,1.18125,-0.0536123,0.0571702,0.177694
Agent ID,3
Number of waypoints,2
Point-0,0,0.0219222,-0.0380472,0.0899977
Point-1,0.513753,-0.00707335,-0.0550383,0.0846091
Agent ID,4
Number of waypoints,2
Point-0,0,0.0514157,-0.00986267,0.158846
Point-1,0.742136,0.00611171,3.99388e-05,0.139839
Agent ID,5
Number of waypoints,3
Point-0,0,0.0330062,0.0267067,0.113201
Point-1,0.336374,0.0330062,0.0267067,0.0795636
Point-2,0.544524,0.0259618,0.0129361,0.0795636
