Agent ID,0
Number of waypoints,2
Point-0,0,0.0597312,-0.0105758,0.152222
Point-1,0.448233,0.0571503,-0.0507812,0.154259
Agent ID,1
Number of waypoints,3
Point-0,0,0.0367129,-0.0395118,0.170227
Point-1,0.64393,0.0367129,-0.0395118,0.105834
Point-2,1.19499,-0.00233175,-0.0555727,0.105834
Agent ID,2
Number of waypoints,3
Point-0,0,-0.0354741,-0.0229027,0.146567
Point-1,0.454685,-0.0150996,-0.0229027,0.171661
Point-2,0.564385,-0.0150996,-0.0119327,0.171661
Agent ID,3
Number of waypoints,2
Point-0,0,0.0293842,-0.00189219,0.0997689
Point-1,1.05711,-0.0282522,-0.0295984,0.0794002
Agent ID,4
Number of waypoints,2
Point-0,0,-0.00792959,0.0310043,0.131077
Point-1,0.322033,0.0202387,0.0270863,0.13096
Agent ID,5
Number of waypoints,2
Point-0,0,0.0189265,0.0306474,0.112649
Point-1,0.383303,0.0086909,0.0493131,0.10322
