Agent ID,0
Number of waypoints,2
Point-0,0,0.0586697,-0.0585073,0.173863
Point-1,0.710177,0.0419132,-0.0316421,0.146467
Agent ID,1
Number of waypoints,3
Point-0,0,0.0270656,-0.00342951,0.066698
Point-1,0.234059,0.0466144,-0.00342951,0.0705551
Point-2,0.864143,0.0466144,0.0595789,0.0705551
Agent ID,2
Number of waypoints,2
Point-0,0,-0.0557762,-0.00626755,0.0723149
Point-1,0.0677916,-0.0507119,-0.00455289,0.0723147
Agent ID,3
Number of waypoints,2
Point-0,0,-0.0447376,0.0354085,0.142736
Point-1,1.24992,0.0594381,0.0392478,0.159713
Agent ID,4
Number of waypoints,2
Point-0,0,-0.0548507,-0.02924,0.1602
Point-1,0.70331,-0.0305376,-0.000605088,0.142817
Agent ID,5
Number of waypoints,3
Point-0,0,0.0360854,-0.0228902,0.120378
Point-1,0.19741,0.0360854,-0.0228902,0.100637
Point-2,0.49349,0.0287276,-0.000640012,0.100637
