Agent ID,0
Number of waypoints,3
Point-0,0,0.0137882,-0.00426831,0.0708062
Point-1,0.714316,0.043862,-0.00426831,0.112164
Point-2,0.809178,0.043862,0.00521794,0.112164
Agent ID,1
Number of waypoints,2
Point-0,0,0.0505933,-0.0432874,0.130974
Point-1,1.17053,-0.0228743,-0.0154859,0.11519
Agent ID,2
Number of waypoints,2
Point-0,0,0.0590825,0.0336745,0.179242
Point-1,1.10017,0.00109543,0.0503127,0.14385
Agent ID,3
Number of waypoints,2
Point-0,0,-0.0370001,-0.0397981,0.0908228
Point-1,0.956292,-0.0399053,0.0416277,0.0795246
Agent ID,4
Number of waypoints,2
Point-0,0,-0.0323311,0.00119416,0.130057
Point-1,0.69075,-0.0373467,-0.0269102,0.166012
Agent ID,5
Number of waypoints,2
Point-0,0,-0.00153753,0.0447109,0.0831993
Point-1,0.787413,0.058563,0.0304667,0.0875959
