Agent ID,0
Number of waypoints,2
Point-0,0,0.00328429,0.028,0.138387
Point-1,0.619311,-0.00249529,-0.00928351,0.119519
Agent ID,1
Number of waypoints,2
Point-0,0,0.00762814,-0.0473181,0.111898
Point-1,0.670325,0.0369064,-0.0385681,0.0828938
Agent ID,2
Number of waypoints,2
Point-0,0,0.0230722,0.0214421,0.0823837
Point-1,0.554769,0.0445123,-0.0020519,0.0718409
Agent ID,3
Number of waypoints,2
Point-0,0,-0.048654,0.0415187,0.144526
Point-1,0.346752,-0.0582484,0.0245059,0.152594
Agent ID,4
Number of waypoints,2
Point-0,0,0.0365415,0.0562097,0.0982366
Point-1,0.303602,0.0226729,0.0598839,0.111054
Agent ID,5
Number of waypoints,3
Point-0,0,-0.0214674,-0.0152029,0.17348
Point-1,0.741298,-0.0214674,-0.0152029,0.0993502
Point-2,1.13927,-0.0586962,-0.0177718,0.0993502
