Agent ID,0
Number of waypoints,3
Point-0,0,0.0543732,-0.0538495,0.135972
Point-1,0.39432,0.0543732,-0.0538495,0.175404
Point-2,1.05655,0.0494579,0.00745826,0.175404
Agent ID,1
Number of waypoints,2
Point-0,0,-0.0292147,0.0564025,0.113388
Point-1,1.84449,-0.0551124,-0.0429765,0.17256
Agent ID,2
Number of waypoints,2
Point-0,0,0.00221498,-0.0360117,0.121555
Point-1,1.25117,-0.0352534,0.009532,0.0794501
Agent ID,3
Number of waypoints,2
Point-0,0,-0.0571325,0.0232977,0.142174
Point-1,0.784941,-0.0473639,0.0550212,0.105172
Agent ID,4
Number of waypoints,2
Point-0,0,-0.057063,-0.0591834,0.162999
Point-1,1.44314,-0.04502,-0.0183398,0.0715716
Agent ID,5
Number of waypoints,2
Point-0,0,-0.0302321,-0.0561334,0.0901159
Point-1,0.907966,-0.0225606,-0.0162324,0.13334
