Agent ID,0
Number of waypoints,2
Point-0,0,-0.0407439,0.041378,0.0894202
Point-1,0.920855,-0.0165632,0.05282,0.145883
Agent ID,1
Number of waypoints,3
Point-0,0,-0.0382142,-0.000134096,0.134593
Point-1,0.299289,-0.0382142,-0.030063,0.134593
Point-2,1.12309,0.0220489,-0.030063,0.15671
Agent ID,2
Number of waypoints,3
Point-0,0,0.0326707,0.0261392,0.112015
Point-1,0.01989,0.0326707,0.0261392,0.110026
Point-2,0.252948,0.0336113,0.0485044,0.110026
Agent ID,3
Number of waypoints,2
Point-0,0,0.0570852,-0.0400515,0.0625022
Point-1,0.837513,0.057699,-0.00549881,0.111087
Agent ID,4
Number of waypoints,2
Point-0,0,0.0423949,0.00228315,0.0819449
Point-1,0.126625,0.0298903,0.00241585,0.0819701
Agent ID,5
Number of waypoints,2
Point-0,0,0.000831049,0.037004,0.13427
Point-1,0.458531,0.0306008,0.0281036,0.141453
