Agent ID,0
Number of waypoints,2
Point-0,0,-0.00860402,0.0536479,0.179115
Point-1,0.488362,0.0174528,0.0421805,0.167803
Agent ID,1
Number of waypoints,2
Point-0,0,0.0594313,-0.0539204,0.15576
Point-1,1.01485,8.50931e-05,-0.0250377,0.142504
Agent ID,2
Number of waypoints,2
Point-0,0,0.0141716,-0.0364474,0.0785309
Point-1,0.379454,0.045937,-0.0383462,0.0742497
Agent ID,3
Number of waypoints,2
Point-0,0,0.00102335,0.0245441,0.0603897
Point-1,0.856691,0.0304449,0.0122219,0.104315
Agent ID,4
Number of waypoints,2
Point-0,0,0.0499211,0.00589386,0.156338
Point-1,0.7113,0.0580714,0.00220912,0.097043
Agent ID,5
Number of waypoints,2
Point-0,0,-0.0326373,0.00684205,0.140264
Point-1,0.673712,-0.00507033,0.00579381,0.17902
