Agent ID,0
Number of waypoints,2
Point-0,0,0.0543196,-0.0266901,0.120628
Point-1,0.79079,0.0448548,0.00114512,0.162407
Agent ID,1
Number of waypoints,3
Point-0,0,-0.0124215,-0.0218987,0.107929
Point-1,0.523842,-0.0225356,-0.0218987,0.0656589
Point-2,1.08985,-0.0225356,0.034702,0.0656589
Agent ID,2
Number of waypoints,2
Point-0,0,-0.0409665,-0.0530191,0.153795
Point-1,0.763661,-0.0163255,-0.014346,0.166847
Agent ID,3
Number of waypoints,2
Point-0,0,0.0167142,-0.00746077,0.120841
Point-1,1.00608,-0.0339798,-0.0414789,0.104945
Agent ID,4
Number of waypoints,2
Point-0,0,-0.0462489,-0.0121415,0.131669
Point-1,0.849481,-0.0155384,0.00528248,0.0948554
Agent ID,5
Number of waypoints,2
Point-0,0,0.00596451,0.0509601,0.155802
Point-1,1.25224,-0.0535027,-0.00550146,0.146507
