Agent ID,0
Number of waypoints,2
Point-0,0,0.0264885,-0.0147834,0.123599
Point-1,0.846295,0.047143,-0.0125453,0.0618621
Agent ID,1
Number of waypoints,3
Point-0,0,-0.0124684,0.0099117,0.101535
Point-1,0.326397,-0.0124684,0.0099117,0.0688953
Point-2,0.45759,-0.0110461,0.0216087,0.0688953
Agent ID,2
Number of waypoints,2
Point-0,0,-0.0298298,-0.0304012,0.139248
Point-1,0.536847,-0.0268117,0.000568379,0.158945
Agent ID,3
Number of waypoints,2
Point-0,0,7.6402e-05,-0.0575985,0.0845827
Point-1,0.237124,0.00643271,-0.0429497,0.08729
Agent ID,4
Number of waypoints,2
Point-0,0,-0.017642,-0.0597606,0.156065
Point-1,1.75366,0.0156645,0.00813076,0.0818973
Agent ID,5
Number of waypoints,2
Point-0,0,-0.049039,0.0406936,0.16531
Point-1,0.811472,-0.00832276,0.0472616,0.131447
