Agent ID,0
Number of waypoints,4
Point-0,0,0.0572538,-0.018819,0.160946
Point-1,0.737351,0.0411984,0.0280425,0.150128
Point-2,0.737351,0.0411984,0.0280425,0.150128
Point-3,2.03142,-0.0572391,0.0369752,0.128091
Agent ID,1
Number of waypoints,2
Point-0,0,-0.00966601,-0.0233269,0.149411
Point-1,0.819279,0.0271975,-0.00121249,0.172361
Agent ID,2
Number of waypoints,2
Point-0,0,-0.0462555,0.023872,0.15713
Point-1,0.866062,-0.0478379,-0.0202488,0.116227
Agent ID,3
Number of waypoints,2
Point-0,0,0.0119912,-0.026158,0.113181
Point-1,1.06246,-0.058295,-0.0508401,0.101903
Agent ID,4
Number of waypoints,2
Point-0,0,0.0301414,-0.0448588,0.0730587
Point-1,0.281468,0.0508325,-0.051616,0.0737572
Agent ID,5
Number of waypoints,2
Point-0,0,-0.0464303,0.0591646,0.125548
Point-1,1.61744,-0.00766432,-0.0103274,0.179034
