Agent ID,0
Number of waypoints,2
Point-0,0,-0.0173269,-0.0191204,0.065678
Point-1,0.708935,0.0358332,-0.025515,0.0770168
Agent ID,1
Number of waypoints,2
Point-0,0,-0.055203,0.0413181,0.0749475
Point-1,0.995545,0.0338757,0.051292,0.0754494
Agent ID,2
Number of waypoints,2
Point-0,0,-0.00110748,-0.0141444,0.147663
Point-1,0.959199,0.0115608,0.0381292,0.178641
Agent ID,3
Number of waypoints,2
Point-0,0,-0.0536859,-0.0231164,0.0809687
Point-1,0.470945,-0.0459467,-0.0191824,0.11639
Agent ID,4
Number of waypoints,2
Point-0,0,0.0468495,-0.00548421,0.157732
Point-1,0.376742,0.0333892,0.0110567,0.165405
Agent ID,5
Number of waypoints,3
Point-0,0,-0.0271788,-0.0562426,0.13545
Point-1,0.131077,-0.0140711,-0.0562426,0.13545
Point-2,0.503449,-0.0140711,-0.0470614,0.163506
