Agent ID,0
Number of waypoints,2
Point-0,0,-0.0450768,-0.0493923,0.177726
Point-1,1.42279,0.0086134,0.000302609,0.138832
Agent ID,1
Number of waypoints,2
Point-0,0,0.0139824,-0.0537117,0.148735
Point-1,1.34136,-0.0175166,0.0327038,0.164957
Agent ID,2
Number of waypoints,2
Point-0,0,-0.0203935,-0.0205521,0.139975
Point-1,0.896029,-0.0548493,0.00630998,0.11169
Agent ID,3
Number of waypoints,3
Point-0,0,-0.0157271,0.0444232,0.130791
Point-1,0.087208,-0.0157271,0.0387734,0.12772
Point-2,0.380562,0.0136083,0.0387734,0.12772
Agent ID,4
Number of waypoints,2
Point-0,0,0.0033521,-0.0149118,0.165535
Point-1,0.702746,0.0494136,-0.0345719,0.160982
Agent ID,5
Number of waypoints,3
Point-0,0,0.014042,-0.00348806,0.127372
Point-1,0.396883,0.014042,-0.00348806,0.0876837
Point-2,1.09479,-0.0154053,-0.0438319,0.0876837
