Agent ID,0
Number of waypoints,2
Point-0,0,0.00642637,-0.049091,0.121063
Point-1,1.84552,0.0570392,0.0383938,0.0746087
Agent ID,1
Number of waypoints,3
Point-0,0,0.048526,-0.0258571,0.144057
Point-1,0.216414,0.048526,-0.0474985,0.144057
Point-2,0.631818,0.0463746,-0.0474985,0.104668
Agent ID,2
Number of waypoints,2
Point-0,0,0.00118294,-0.0337715,0.0676645
Point-1,1.00166,0.0160972,0.012608,0.106537
Agent ID,3
Number of waypoints,3
Point-0,0,0.0112123,0.0293247,0.120633
Point-1,0.18711,0.0112123,0.0293247,0.101922
Point-2,1.35092,-0.0472476,-0.0285967,0.101922
Agent ID,4
Number of waypoints,2
Point-0,0,0.0365961,-0.0027534,0.110929
Point-1,0.486345,0.0388368,0.0333524,0.100641
Agent ID,5
Number of waypoints,2
Point-0,0,0.0140013,-0.0200084,0.133951
Point-1,1.7708,-0.0586785,0.059187,0.159156
