Agent ID,0
Number of waypoints,2
Point-0,0,0.029249,-0.0231377,0.0634181
Point-1,0.329155,0.025367,-0.0378484,0.0777409
Agent ID,1
Number of waypoints,2
Point-0,0,0.0490855,-0.0383661,0.0831931
Point-1,0.549962,0.04728,-0.000339452,0.0983571
Agent ID,2
Number of waypoints,2
Point-0,0,0.0216911,0.0370458,0.132825
Point-1,0.588145,0.017521,0.054382,0.0955168
Agent ID,3
Number of waypoints,2
Point-0,0,-0.0128574,0.0392997,0.0686771
Point-1,0.241951,-0.0255561,0.030467,0.0713408
Agent ID,4
Number of waypoints,2
Point-0,0,0.00240518,0.02473,0.175511
Point-1,0.676402,-0.0577526,0.0226076,0.170151
Agent ID,5
Number of waypoints,2
Point-0,0,-0.0503291,-0.0302284,0.0660627
Point-1,0.38136,-0.037025,-0.044233,0.07689
