Agent ID,0
Number of waypoints,2
Point-0,0,0.0148599,-0.0560534,0.0724871
Point-1,0.261581,-0.00240333,-0.0599983,0.0774371
Agent ID,1
Number of waypoints,2
Point-0,0,-0.0451184,-0.037612,0.150827
Point-1,0.394473,-0.0425471,-0.00595199,0.145611
Agent ID,2
Number of waypoints,2
Point-0,0,0.0119662,0.0369386,0.107186
Point-1,0.967951,0.0266536,-0.0139184,0.0759353
Agent ID,3
Number of waypoints,2
Point-0,0,0.0447412,0.000342172,0.16349
Point-1,0.523315,0.0115915,-0.0146036,0.159254
Agent ID,4
Number of waypoints,2
Point-0,0,0.0312071,0.0325716,0.15579
Point-1,0.589443,0.0202375,0.0576883,0.132932
Agent ID,5
Number of waypoints,3
Point-0,0,-0.051303,0.0131116,0.127903
Point-1,0.570149,-0.051303,0.0131116,0.0708881
Point-2,0.764545,-0.0397658,0.021014,0.0708881
