Agent ID,0
Number of waypoints,2
Point-0,0,-0.0523115,0.039116,0.166296
Point-1,0.827242,0.0135229,0.0442828,0.178019
Agent ID,1
Number of waypoints,3
Point-0,0,-0.0311359,-0.0162088,0.170915
Point-1,0.190481,-0.0311359,-0.0352569,0.170915
Point-2,0.702262,0.0143852,-0.0352569,0.165258
Agent ID,2
Number of waypoints,2
Point-0,0,0.0457009,-0.0459242,0.124862
Point-1,0.698951,0.0116199,-0.0533526,0.0964763
Agent ID,3
Number of waypoints,2
Point-0,0,0.018727,0.0489179,0.109259
Point-1,0.733014,0.0449745,0.0127196,0.0984034
Agent ID,4
Number of waypoints,2
Point-0,0,0.00266442,0.000538811,0.10663
Point-1,0.323787,-0.0205327,0.00116544,0.115185
Agent ID,5
Number of waypoints,2
Point-0,0,-0.01584,0.0309573,0.0697328
Point-1,1.66885,-0.0528306,-0.0570094,0.111661
