Agent ID,0
Number of waypoints,2
Point-0,0,-0.0580397,0.0547608,0.15109
Point-1,0.751844,-0.0469364,0.00174768,0.140022
Agent ID,1
Number of waypoints,4
Point-0,0,0.0423401,-0.046457,0.179441
Point-1,0.041755,0.0423401,-0.0506325,0.179441
Point-2,0.303315,0.0423401,-0.0506325,0.153285
Point-3,0.428158,0.0298558,-0.0506325,0.153285
Agent ID,2
Number of waypoints,2
Point-0,0,-0.00878051,-0.0387296,0.0601651
Point-1,0.789351,-0.0037348,-0.0102951,0.10562
Agent ID,3
Number of waypoints,2
Point-0,0,-0.0367657,-0.0200049,0.0804214
Point-1,0.657293,-0.0168093,0.0164224,0.0710758
Agent ID,4
Number of waypoints,2
Point-0,0,0.0549125,-0.00222859,0.152537
Point-1,0.381465,0.0503432,0.0172316,0.166654
Agent ID,5
Number of waypoints,2
Point-0,0,0.0467549,0.0456068,0.122196
Point-1,0.938274,-0.019487,0.0423853,0.14656
