Agent ID,0
Number of waypoints,2
Point-0,0,0.0449432,-0.0437228,0.0709472
Point-1,0.431204,0.0196075,-0.0317206,0.0767297
Agent ID,1
Number of waypoints,2
Point-0,0,-0.032779,-0.0546122,0.123035
Point-1,0.602476,-0.0241049,-0.0396169,0.0864568
Agent ID,2
Number of waypoints,2
Point-0,0,-0.00644471,0.00932452,0.150529
Point-1,0.811319,0.00732855,-0.00964715,0.102142
Agent ID,3
Number of waypoints,2
Point-0,0,-0.0344495,-0.00334243,0.137014
Point-1,0.560776,-0.0507719,0.00869472,0.109296
Agent ID,4
Number of waypoints,2
Point-0,0,0.0187665,0.025836,0.173737
Point-1,0.617921,0.0313725,-0.0197321,0.177355
Agent ID,5
Number of waypoints,3
Point-0,0,-0.0221467,0.0364237,0.160746
Point-1,0.936813,-0.0221467,0.0364237,0.0670647
Point-2,1.78771,0.0413416,0.0148223,0.0670647
