Agent ID,0
Number of waypoints,2
Point-0,0,-0.0221309,-0.0292652,0.096431
Point-1,0.614562,-0.015333,0.0233388,0.0984853
Agent ID,1
Number of waypoints,2
Point-0,0,0.0291395,-0.00246616,0.108865
Point-1,0.94203,0.0503054,0.0236579,0.155778
Agent ID,2
Number of waypoints,2
Point-0,0,0.0385653,-0.0495415,0.0944118
Point-1,1.33846,0.0114748,0.05344,0.0906379
Agent ID,3
Number of waypoints,2
Point-0,0,0.0117394,-0.049014,0.160776
Point-1,0.738146,0.0460583,-0.0177413,0.152553
Agent ID,4
Number of waypoints,2
Point-0,0,0.0425969,0.0255988,0.163996
Point-1,0.453683,0.0505912,0.0537938,0.173175
Agent ID,5
Number of waypoints,2
Point-0,0,-0.00705558,-0.00598129,0.165918
Point-1,0.854747,-0.0454022,0.0391018,0.167963
