Agent ID,0
Number of waypoints,2
Point-0,0,0.04203,0.0465117,0.168157
Point-1,0.26969,0.0465012,0.0243369,0.16848
Agent ID,1
Number of waypoints,2
Point-0,0,0.0545847,-0.0466888,0.12176
Point-1,1.06762,0.0496972,0.0410906,0.135855
Agent ID,2
Number of waypoints,3
Point-0,0,0.0338125,-0.0451008,0.143375
Point-1,0.35713,0.0338125,-0.0451008,0.107662
Point-2,0.935668,-0.0142296,-0.0549125,0.107662
Agent ID,3
Number of waypoints,3
Point-0,0,-0.00505561,-0.00476294,0.114629
Point-1,0.480469,-0.0497465,-0.00476294,0.111273
Point-2,0.813756,-0.0497465,0.0285658,0.111273
Agent ID,4
Number of waypoints,2
Point-0,0,-0.0430626,-0.026214,0.0810741
Point-1,0.497864,-0.0106283,-0.0145792,0.0867914
Agent ID,5
Number of waypoints,2
Point-0,0,-0.0592643,0.0433925,0.146824
Point-1,0.478044,-0.0301994,0.056951,0.152005
