Agent ID,0
Number of waypoints,3
Point-0,0,-0.000667874,0.042476,0.126628
Point-1,0.02035,-0.000667874,0.042476,0.124593
Point-2,1.41217,-0.0531425,-0.0442318,0.124593
Agent ID,1
Number of waypoints,2
Point-0,0,0.0346589,-0.0089203,0.116314
Point-1,0.571822,0.0444227,0.0128361,0.141976
Agent ID,2
Number of waypoints,2
Point-0,0,0.00866359,0.0218836,0.0883595
Point-1,0.787911,0.0594549,0.0240489,0.114194
Agent ID,3
Number of waypoints,3
Point-0,0,0.00961716,-0.043899,0.175532
Point-1,0.461789,-0.0365617,-0.043899,0.175532
Point-2,1.33838,-0.0365617,0.0240268,0.155799
Agent ID,4
Number of waypoints,2
Point-0,0,-0.0130521,-0.0281324,0.0908708
Point-1,0.553019,0.0265276,-0.0297197,0.0767359
Agent ID,5
Number of waypoints,2
Point-0,0,0.03195,-0.0391617,0.0898068
Point-1,1.11994,0.00110664,0.0263857,0.10541
