Agent ID,0
Number of waypoints,2
Point-0,0,-0.0551779,0.0263581,0.104843
Point-1,0.69583,-0.017976,0.0449902,0.118592
Agent ID,1
Number of waypoints,2
Point-0,0,0.035299,-0.0298808,0.121942
Point-1,0.724842,0.0220075,-0.0348525,0.176163
Agent ID,2
Number of waypoints,2
Point-0,0,0.0521859,0.00829,0.170776
Point-1,0.793275,0.0352364,0.048677,0.148785
Agent ID,3
Number of waypoints,2
Point-0,0,-0.0557889,-0.022071,0.129853
Point-1,0.788156,-0.0322265,-0.0279132,0.179264
Agent ID,4
Number of waypoints,2
Point-0,0,0.0466017,0.0273585,0.0874298
Point-1,0.328914,0.0548164,0.00923395,0.0808777
Agent ID,5
Number of waypoints,2
Point-0,0,0.0314394,0.0103615,0.121751
Point-1,0.771554,0.0595861,-0.0172812,0.100385
