Agent ID,0
Number of waypoints,2
Point-0,0,-0.00597617,-0.0454026,0.0843511
Point-1,1.31715,-0.05097,0.0280333,0.0710658
Agent ID,1
Number of waypoints,2
Point-0,0,0.0109048,0.0510274,0.0806974
Point-1,0.817473,0.0575381,0.027914,0.092698
Agent ID,2
Number of waypoints,3
Point-0,0,0.0534132,-0.00670854,0.0748066
Point-1,0.253614,0.0534132,-0.0157165,0.09116
Point-2,0.300094,0.0580612,-0.0157165,0.09116
Agent ID,3
Number of waypoints,2
Point-0,0,-0.0303987,-0.0407989,0.173861
Point-1,0.381248,-0.0277894,-0.0573894,0.154936
Agent ID,4
Number of waypoints,2
Point-0,0,-0.011657,0.0471677,0.104611
Point-1,0.454736,-0.0260089,0.0451085,0.0755485
Agent ID,5
Number of waypoints,2
Point-0,0,-0.00830191,0.0188633,0.166517
Point-1,1.43269,-0.0159236,-0.0283321,0.0780653
