Agent ID,0
Number of waypoints,2
Point-0,0,0.000610176,0.0463248,0.178389
Point-1,1.74685,-0.0255757,0.0140894,0.0621256
Agent ID,1
Number of waypoints,2
Point-0,0,-0.0097325,-0.0535896,0.100149
Point-1,0.264426,-0.00163841,-0.0384091,0.103317
Agent ID,2
Number of waypoints,2
Point-0,0,0.0544942,0.00151157,0.109836
Point-1,0.766356,0.0128155,-0.0146547,0.0910454
Agent ID,3
Number of waypoints,3
Point-0,0,-0.00240243,-0.0269539,0.151844
Point-1,0.165338,-0.00240243,-0.0434877,0.151844
Point-2,0.853223,0.0486591,-0.0434877,0.169571
Agent ID,4
Number of waypoints,2
Point-0,0,-0.0573572,0.0154903,0.166719
Point-1,0.876795,-0.0365128,-0.0018538,0.117228
Agent ID,5
Number of waypoints,2
Point-0,0,-0.0492077,0.0458348,0.119585
Point-1,0.380411,-0.035148,0.0346494,0.106789
