Agent ID,0
Number of waypoints,3
Point-0,0,-0.00568149,-0.0467527,0.150406
Point-1,0.161618,-0.0137722,-0.0548238,0.150406
Point-2,0.296768,-0.0137722,-0.0548238,0.163921
Agent ID,1
Number of waypoints,2
Point-0,0,-0.0032298,0.0382696,0.0629195
Point-1,0.666506,0.0520084,0.0459155,0.066686
Agent ID,2
Number of waypoints,2
Point-0,0,0.0291304,-0.0540655,0.0708583
Point-1,0.727076,0.0387777,-0.0197038,0.0995569
Agent ID,3
Number of waypoints,2
Point-0,0,-0.0496203,-0.0271799,0.104982
Point-1,0.721278,-0.051088,-0.0259668,0.174429
Agent ID,4
Number of waypoints,3
Point-0,0,0.0121197,0.0425393,0.151095
Point-1,0.08325,0.0121197,0.0342143,0.151095
Point-2,0.300491,-0.00333343,0.0342143,0.144824
Agent ID,5
Number of waypoints,2
Point-0,0,0.0107344,-0.00338625,0.149542
Point-1,0.260162,-0.00188092,0.00135959,0.140887
