Agent ID,0
Number of waypoints,2
Point-0,0,0.0445728,0.041798,0.0953353
Point-1,0.80972,0.0129574,0.0421599,0.14433
Agent ID,1
Number of waypoints,2
Point-0,0,-0.0540207,0.0526084,0.105957
Point-1,0.701316,-0.00981922,0.0414463,0.120725
Agent ID,2
Number of waypoints,3
Point-0,0,-0.0413323,0.00344035,0.114962
Point-1,0.517306,-0.0413323,0.00344035,0.0632314
Point-2,0.608085,-0.0337134,0.00489939,0.0632314
Agent ID,3
Number of waypoints,2
Point-0,0,0.0309839,-0.0564857,0.0915335
Point-1,0.367359,0.0347106,-0.0496916,0.0653184
Agent ID,4
Number of waypoints,2
Point-0,0,0.0115421,0.00442238,0.0856459
Point-1,1.08457,0.0517475,-0.00950358,0.139972
Agent ID,5
Number of waypoints,3
Point-0,0,-0.0488981,-0.0417581,0.155618
Point-1,0.208643,-0.0488981,-0.0451824,0.173058
Point-2,0.813797,0.0116173,-0.0451824,0.173058
