Agent ID,0
Number of waypoints,4
Point-0,0,0.0567593,0.033296,0.110332
Point-1,0.333666,0.0233927,0.033296,0.110332
Point-2,0.546346,0.0233927,0.033296,0.089064
Point-3,0.712319,0.0233927,0.0498933,0.089064
Agent ID,1
Number of waypoints,2
Point-0,0,-0.0278822,-0.0522761,0.152203
Point-1,1.14928,0.00634541,-0.0563247,0.0755512
Agent ID,2
Number of waypoints,2
Point-0,0,0.033775,-0.0211208,0.126234
Point-1,0.900716,0.0395176,0.0061961,0.0692219
Agent ID,3
Number of waypoints,2
Point-0,0,-0.0150147,0.0436836,0.140825
Point-1,1.90893,0.0512452,-0.0404965,0.100372
Agent ID,4
Number of waypoints,2
Point-0,0,-0.0378619,-0.0134703,0.070067
Point-1,0.172759,-0.0340834,-0.00748923,0.0775833
Agent ID,5
Number of waypoints,2
Point-0,0,-0.0470358,0.0204543,0.177762
Point-1,1.31224,-0.0385144,-0.0481667,0.12368
